,0
0,https://en.wikipedia.org/wiki/HTTrack
1,https://en.wikipedia.org/wiki/#cite_ref-GoogleBooks-9237380_5-0
2,https://en.wikipedia.org/wiki/Template:Internet_search
3,http://ilpubs.stanford.edu:8090/347/
4,https://en.wikipedia.org/wiki/Robots.txt
5,https://foundation.wikimedia.org/wiki/Special:MyLanguage/Policy:Cookie_statement
6,https://api.semanticscholar.org/CorpusID:4347646
7,https://en.wikipedia.org/wiki/#cite_note-11
8,https://en.wikipedia.org/wiki/#cite_ref-baeza2005_16-0
9,https://support.apple.com/en-us/HT204683
10,https://web.archive.org/web/20140625233510/http://www10.org/cdrom/papers/210/index.html
11,https://en.wikipedia.org/wiki/Special:BookSources/978-981-02-3400-3
12,https://en.wikipedia.org/wiki/Multimedia_search
13,http://dollar.biz.uiowa.edu/~pant/Papers/crawling.pdf
14,https://en.wikipedia.org/wiki/Mod_oai
15,https://en.wikipedia.org/wiki/#cite_note-15
16,https://uk.wikipedia.org/wiki/%D0%9F%D0%BE%D1%88%D1%83%D0%BA%D0%BE%D0%B2%D0%B8%D0%B9_%D1%80%D0%BE%D0%B1%D0%BE%D1%82
17,https://doi.org/10.1145%2F2380718.2380762
18,https://doi.org/10.1145%2F958942.958945
19,https://en.wikipedia.org/wiki/Automatic_indexing
20,https://en.wikipedia.org/wiki/#Focused_crawling
21,https://en.wikipedia.org/wiki/File:Web_Crawling_Freshness_Age.png
22,https://az.wikipedia.org/wiki/Axtar%C4%B1%C5%9F_botu
23,https://en.wikipedia.org/wiki/Apache_Nutch
24,https://en.wikipedia.org/wiki/Image_retrieval
25,"https://en.wikipedia.org/wiki/Edward_G._Coffman,_Jr."
26,https://en.wikipedia.org/wiki/Bingbot
27,https://en.wikipedia.org/wiki/#List_of_web_crawlers
28,https://en.wikipedia.org/wiki/#cite_note-7
29,https://en.wikipedia.org/wiki/Diffbot
30,https://en.wikipedia.org/wiki/#cite_ref-39
31,https://no.wikipedia.org/wiki/S%C3%B8kerobot
32,https://en.wikipedia.org/wiki/#Politeness_policy
33,https://en.wikipedia.org/wiki/Libwww
34,https://en.wikipedia.org/wiki/#cite_ref-26
35,https://www.researchgate.net/publication/44241179
36,https://doi.org/10.1016%2Fs0169-7552%2898%2900110-x
37,https://id.wikipedia.org/wiki/Perangkak_web
38,https://web.archive.org/web/20091213213920/http://wiki.foaf-project.org/w/Scutter
39,https://en.wikipedia.org/wiki/Spambots
40,https://en.wikipedia.org/wiki/#cite_note-48
41,https://web.archive.org/web/20140318134631/http://semanticweb.com/more-semantics-for-google-ita-software-acquisition-comes-with-needlebase-too_b19329
42,https://en.wikipedia.org/wiki/Vertical_search
43,https://en.wikipedia.org/wiki/#URL_normalization
44,https://en.wikipedia.org/wiki/FOAF_(software)
45,https://en.wikipedia.org/wiki/Microsoft
46,https://api.semanticscholar.org/CorpusID:3710903
47,https://en.wikipedia.org/wiki/#cite_note-44
48,https://en.wikipedia.org/wiki/Wikipedia:File_Upload_Wizard
49,https://es.wikipedia.org/wiki/Ara%C3%B1a_web
50,https://en.wikipedia.org/wiki/#Commercial_web_crawlers
51,https://sv.wikipedia.org/wiki/Spindel_(internet)
52,https://lt.wikipedia.org/wiki/Interneto_robotas
53,https://en.wikipedia.org/wiki/#cite_ref-17
54,https://en.wikipedia.org/w/index.php?title=Web_crawler&action=edit&section=11
55,https://en.wikipedia.org/w/index.php?title=Web_crawler&action=edit&section=21
56,https://en.wikipedia.org/wiki/#cite_note-9
57,https://zh-classical.wikipedia.org/wiki/%E7%88%AC%E7%B6%B2%E8%9F%B2%E6%A2%B0
58,https://en.wikipedia.org/wiki/#cite_ref-cho2003a_32-0
59,https://en.wikipedia.org/wiki/Torsten_Suel
60,https://en.wikipedia.org/wiki/Gnutella_crawler
61,https://en.wikipedia.org/wiki/Talk:Web_crawler
62,https://en.wikipedia.org/wiki/#Selection_policy
63,https://en.wikipedia.org/wiki/Xenon_(program)
64,https://ja.wikipedia.org/wiki/%E3%82%AF%E3%83%AD%E3%83%BC%E3%83%A9
65,https://en.wikipedia.org/wiki/#cite_note-10
66,https://en.wikipedia.org/wiki/#cite_note-19
67,https://api.semanticscholar.org/CorpusID:325714
68,http://www.cindoc.csic.es/cybermetrics/pdf/68.pdf
69,https://en.wikipedia.org/wiki/#cite_ref-coffman_30-1
70,https://zh.wikipedia.org/wiki/%E7%B6%B2%E8%B7%AF%E7%88%AC%E8%9F%B2
71,https://doi.org/10.1002%2Fasi.20078
72,https://en.wikipedia.org/wiki/Deep_web
73,https://api.semanticscholar.org/CorpusID:9362566
74,https://webbrowsersintroduction.com/
75,https://en.wikipedia.org/wiki/Webgraph
76,https://hy.wikipedia.org/wiki/%D5%88%D6%80%D5%B8%D5%B6%D5%B8%D5%B2%D5%A1%D5%AF%D5%A1%D5%B6_%D5%BC%D5%B8%D5%A2%D5%B8%D5%BF
77,https://en.wikipedia.org/wiki/#cite_ref-18
78,https://en.wikipedia.org/wiki/Special:Random
79,https://en.wikipedia.org/wiki/Semantic_search
80,https://en.wikipedia.org/wiki/Screen_scraping
81,https://en.wikipedia.org/wiki/#cite_note-1
82,https://en.wikipedia.org/wiki/List_of_search_engine_software
83,https://en.wikipedia.org/wiki/StormCrawler
84,https://nds-nl.wikipedia.org/wiki/Webkroeper
85,https://en.wikipedia.org/wiki/Web_indexing
86,https://en.wikipedia.org/wiki/Google_search_engine
87,https://en.wikipedia.org/wiki/Software
88,https://en.wikipedia.org/wiki/#cite_note-39
89,https://en.wikipedia.org/wiki/User_agent
90,https://en.wikipedia.org/wiki/#cite_ref-edwards2001_6-0
91,https://en.wikipedia.org/wiki/Special:BookSources/9781450317207
92,http://oak.cs.ucla.edu/~cho/research/crawl.html
93,https://en.wikipedia.org/wiki/Crawljax
94,https://en.wikipedia.org/wiki/Search_engine_marketing
95,https://ko.wikipedia.org/wiki/%EC%9B%B9_%ED%81%AC%EB%A1%A4%EB%9F%AC
96,https://doi.org/10.1016%2Fs0169-023x%2804%2900107-7
97,http://vigna.dsi.unimi.it/ftp/papers/ParadoxicalPageRank.pdf
98,https://en.wikipedia.org/wiki/#cite_note-28
99,https://en.wikipedia.org/w/index.php?title=Web_crawler&action=edit&section=14
100,https://en.wikipedia.org/wiki/#cite_ref-coffman_30-0
101,https://web.archive.org/web/20121221113620/http://informatics.indiana.edu/fil/Papers/ICML.ps
102,https://en.wikipedia.org/wiki/Search/Retrieve_Web_Service
103,https://af.wikipedia.org/wiki/Webkruiper
104,https://www.wired.com/2007/01/tax-takers-send-in-the-spiders/
105,https://it.wikipedia.org/wiki/Crawler
106,https://en.wikipedia.org/wiki/#Open-source_crawlers
107,https://oa.doria.fi/handle/10024/38506
108,https://chato.cl/science/crawling_thesis/
109,https://en.wikipedia.org/wiki/PostScript
110,https://en.wikipedia.org/wiki/Template:Cite_book
111,https://donate.wikimedia.org/?wmf_source=donate&wmf_medium=sidebar&wmf_campaign=en.wikipedia.org&uselang=en
112,https://en.wikipedia.org/wiki/Apache_Solr
113,https://en.wikipedia.org/wiki/Wikia_Search
114,https://en.wikipedia.org/wiki/Category:Articles_with_permanently_dead_external_links
115,https://fr.wikipedia.org/wiki/Robot_d%27indexation
116,https://en.wikipedia.org/w/index.php?title=Special:CreateAccount&returnto=Web+crawler
117,https://en.wikipedia.org/wiki/#cite_note-21
118,http://www.wiley.com/legacy/compbooks/sonnenreich/history.html
119,https://en.wikipedia.org/wiki/WebFountain
120,https://web.archive.org/web/20051001063017/http://vigna.dsi.unimi.it/ftp/papers/ParadoxicalPageRank.pdf
121,https://en.wikipedia.org/wiki/#Nomenclature
122,https://en.wikipedia.org/w/index.php?title=Special:DownloadAsPdf&page=Web_crawler&action=show-download-screen
123,https://www.wikidata.org/wiki/Special:EntityPage/Q45842#sitelinks-wikipedia
124,https://en.wikipedia.org/wiki/Wikipedia:Contents
125,https://en.wikipedia.org/wiki/PDF
126,https://en.wikipedia.org/wiki/Middleware
127,https://en.wikipedia.org/wiki/Category:Use_dmy_dates_from_September_2020
128,https://foundation.wikimedia.org/wiki/Special:MyLanguage/Legal:Wikimedia_Foundation_Legal_and_Safety_Contact_Information
129,http://www.mccurley.org/papers/fractal.pdf
130,https://en.wikipedia.org/wiki/#cite_note-brin1998-41
131,https://en.wikipedia.org/w/index.php?title=Web_crawler&action=edit&section=25
132,https://en.wikipedia.org/w/index.php?title=Web_crawler&action=edit&section=13
133,https://en.wikipedia.org/wiki/Ask.com
134,https://doi.org/10.1002%2Fspe.587
135,https://en.wikipedia.org/wiki/Category:CS1_maint:_multiple_names:_authors_list
136,https://en.wikipedia.org/wiki/#cite_note-edwards2001-6
137,https://en.wikipedia.org/wiki/Category:Webarchive_template_wayback_links
138,https://en.wikipedia.org/wiki/URL_normalization
139,https://en.wikipedia.org/wiki/Special:RecentChangesLinked/Web_crawler
140,https://en.wikipedia.org/wiki/Wired_(magazine)
141,http://cis.poly.edu/tr/tr-cis-2001-03.pdf
142,https://en.wikipedia.org/wiki/PMID_(identifier)
143,https://lv.wikipedia.org/wiki/T%C4%ABmek%C4%BCa_r%C4%81pu%C4%BCprogramma
144,https://en.wikipedia.org/wiki/#Visual_vs_programmatic_crawlers
145,https://en.wikipedia.org/wiki/Repository_(version_control)
146,https://en.wikipedia.org/wiki/Focused_crawlers
147,https://doi.org/10.1007%2F978-3-642-02457-3_74
148,https://en.wikipedia.org/wiki/GNU_General_Public_License
149,https://en.wikipedia.org/wiki/Yahoo!_Search
150,https://en.wikipedia.org/wiki/#cite_note-20
151,https://web.archive.org/web/20050905013119/http://pages.stern.nyu.edu/~panos/publications/icde2005.pdf
152,https://en.wikipedia.org/wiki/Robots_exclusion_standard
153,https://en.wikipedia.org/wiki/Top-level_domain
154,https://en.wikipedia.org/wiki/Category:Articles_with_short_description
155,https://en.wikipedia.org/wiki/#cite_note-25
156,https://en.wikipedia.org/wiki/#cite_note-Norton-2007-01-25-49
157,https://web.archive.org/web/20020106130042/http://www.wolfbot.com/
158,https://www.canada.ca/en/revenue-agency/services/about-canada-revenue-agency-cra/protecting-your-privacy/privacy-impact-assessment/xenon-web-crawling-initiative-privacy-impact-assessment-summary.html
159,https://en.wikipedia.org/wiki/#cite_ref-cho2003a_32-1
160,http://chato.cl/papers/baeza05_crawling_country_better_breadth_first_web_page_ordering.pdf
161,https://en.wikipedia.org/wiki/Internet_media_type
162,https://doi.org/10.1142%2F3725
163,https://en.wikipedia.org/wiki/PowerMapper
164,https://en.wikipedia.org/wiki/Yahoo!
165,https://doi.org/10.1145%2F775152.775192
166,https://eu.wikipedia.org/wiki/Web_crawler
167,https://web.archive.org/web/20040903174942/http://archive.ncsa.uiuc.edu/SDG/IT94/Proceedings/Agents/spetka/spetka.html
168,http://informatics.indiana.edu/fil/Papers/ICML.ps
169,https://en.wikipedia.org/wiki/Web_query
170,https://en.wikipedia.org/wiki/Web_crawler
171,https://en.wikipedia.org/wiki/Internet_search
172,https://www.mediawiki.org/
173,https://en.wikipedia.org/wiki/Spider_trap
174,https://en.wikipedia.org/wiki/#cite_ref-cho2003_31-0
175,http://www.mendeley.com/download/public/1423991/3893295922/dc0f7d824fd2a8fbbc84f6fdf9e4f337d343987d/dl.pdf
176,https://en.wikipedia.org/wiki/#cite_ref-7
177,https://en.wikipedia.org/wiki/Distributed_web_crawling
178,https://doi.org/10.1145%2F857166.857170
179,https://www.wikidata.org/wiki/Special:EntityPage/Q45842
180,https://github.com/bedirhan/wivet
181,https://en.wikipedia.org/wiki/Mathematical_combination
182,https://en.wikipedia.org/wiki/#cite_ref-baeza2002_37-0
183,https://support.google.com/webmasters/bin/answer.py?hl=en&answer=174992
184,https://en.wikipedia.org/wiki/Web_pages
185,https://en.wikipedia.org/wiki/#cite_ref-15
186,https://en.wikipedia.org/wiki/#Historical_web_crawlers
187,http://informatics.indiana.edu/fil/Papers/AA98.ps
188,https://en.wikipedia.org/wiki/ISBN_(identifier)
189,http://www.scit.wlv.ac.uk/%7Ecm1993/papers/Web_Crawling_Ethics_preprint.doc
190,https://en.wikipedia.org/wiki/Apache_License
191,https://doi.org/10.1002%2F%28SICI%291099-1425%28199806%291%3A1%3C15%3A%3AAID-JOS3%3E3.0.CO%3B2-K
192,https://en.wikipedia.org/wiki/Wikipedia:Community_portal
193,https://en.wikipedia.org/wiki/Duplicate_content
194,https://en.wikipedia.org/w/index.php?title=Web_crawler&action=edit&section=20
195,https://en.wikipedia.org/wiki/Wikipedia:General_disclaimer
196,https://en.wikipedia.org/wiki/Wikipedia:Contact_us
197,https://en.wikipedia.org/wiki/Audio_search_engine
198,https://en.wikipedia.org/wiki/Z39.50
199,https://en.wikipedia.org/w/index.php?title=Web_crawler&action=edit&section=9
200,https://en.wikipedia.org/wiki/Help:Contents
201,https://en.wikipedia.org/wiki/Google.com
202,https://en.wikipedia.org/wiki/Federated_search
203,https://en.wikipedia.org/wiki/Microsoft_Word
204,https://qu.wikipedia.org/wiki/Web_aysakuq
205,https://en.wikipedia.org/wiki/#cite_ref-28
206,https://wikimediafoundation.org/
207,https://en.wikipedia.org/wiki/World_Wide_Web_Worm
208,https://en.wikipedia.org/wiki/TkWWW_Robot
209,https://en.wikipedia.org/wiki/#Restricting_followed_links
210,https://en.wikipedia.org/wiki/CiteSeerX_(identifier)
211,https://en.wikipedia.org/wiki/#Crawling_the_deep_web
212,https://en.wikipedia.org/wiki/#cite_ref-11
213,https://en.wikipedia.org/wiki/Natural_language_search_engine
214,https://en.wikipedia.org/wiki/Open_Search_Server
215,https://en.wikipedia.org/wiki/Python_(programming_language)
216,https://mhr.wikipedia.org/wiki/%D0%9A%D1%8B%D1%87%D0%B0%D0%BB%D1%88%D0%B5_%D1%80%D0%BE%D0%B1%D0%BE%D1%82
217,https://en.wikipedia.org/wiki/Search_by_sound
218,https://ca.wikipedia.org/wiki/Aranya_web
219,https://en.wikipedia.org/wiki/#cite_ref-47
220,https://en.wikipedia.org/w/index.php?title=Web_crawler&action=edit&section=12
221,https://en.wikipedia.org/wiki/DuckDuckGo
222,https://en.wikipedia.org/wiki/Special:BookSources/978-1581133486
223,https://www.researchgate.net/publication/220724572_A_Fast_Community_Based_Algorithm_for_Generating_Web_Crawler_Seeds_Set
224,https://en.wikipedia.org/wiki/Wikipedia:Link_rot
225,https://en.wikipedia.org/w/index.php?title=Web_crawler&action=edit&section=10
226,https://web.archive.org/web/20171224210412/http://www10.org/cdrom/papers/pdf/p208.pdf
227,https://en.wikipedia.org/wiki/ArXiv_(identifier)
228,https://en.wikipedia.org/wiki/#cite_ref-3
229,https://doi.org/10.1145%2F342009.335391
230,https://en.wikipedia.org/wiki/Bandwidth_(computing)
231,https://en.wikipedia.org/wiki/#cite_ref-22
232,https://en.wikipedia.org/wiki/Wide_area_information_server
233,https://en.wikipedia.org/w/index.php?title=Web_crawler&action=edit&section=6
234,https://en.wikipedia.org/wiki/Template_talk:Internet_search
235,https://en.wikipedia.org/wiki/#cite_note-baeza2005-16
236,https://en.wikipedia.org/wiki/#cite_note-26
237,https://www.cs.brown.edu/courses/cs227/2002/cache/Cho.pdf
238,https://en.wikipedia.org/wiki/Bibcode_(identifier)
239,https://web.archive.org/web/20080320035819/https://www2003.org/cdrom/papers/refereed/p007/p7-abiteboul.html
240,https://foundation.wikimedia.org/wiki/Special:MyLanguage/Policy:Universal_Code_of_Conduct
241,https://citeseerx.ist.psu.edu/viewdoc/summary?doi=10.1.1.59.5877
242,https://en.wikipedia.org/wiki/#cite_note-18
243,https://en.wikipedia.org/wiki/#cite_ref-38
244,https://en.wikipedia.org/wiki/#cite_note-Canada-2017-04-11-50
245,https://ru.wikipedia.org/wiki/%D0%9F%D0%BE%D0%B8%D1%81%D0%BA%D0%BE%D0%B2%D1%8B%D0%B9_%D1%80%D0%BE%D0%B1%D0%BE%D1%82
246,https://en.wikipedia.org/wiki/#cite_note-13
247,https://nn.wikipedia.org/wiki/S%C3%B8kerobot
248,https://en.wikipedia.org/wiki/Unintended_consequences
249,https://en.wikipedia.org/wiki/Uniform_Resource_Locator
250,https://en.wikipedia.org/wiki/Special:BookSources/978-3-54046332-0
251,https://en.wikipedia.org/wiki/Category:CS1_errors:_missing_periodical
252,https://en.wikipedia.org/wiki/#cite_ref-44
253,https://ia.wikipedia.org/wiki/Rastreator_de_rete
254,https://ro.wikipedia.org/wiki/Robot_de_c%C4%83utare
255,https://citeseerx.ist.psu.edu/viewdoc/summary?doi=10.1.1.117.185
256,https://en.wikipedia.org/wiki/#Overview
257,https://en.wikipedia.org/wiki/Internet_bot
258,https://en.wikipedia.org/wiki/Panos_Ipeirotis
259,https://en.wikipedia.org/wiki/Wayback_Machine
260,https://en.wikipedia.org/wiki/Software_as_a_service
261,https://en.wikipedia.org/wiki/#cite_note-pinkerton1994-23
262,http://www.robotstxt.org/wc/guidelines.html
263,https://en.wikipedia.org/wiki/TkWWW
264,https://arxiv.org/abs/cs/0503069
265,https://en.wikipedia.org/wiki/#Security
266,https://en.wikipedia.org/w/index.php?title=Web_crawler&action=edit&section=26
267,https://doi.org/10.1145%2F572326.572328
268,https://en.wikipedia.org/wiki/Recursion
269,https://en.wikipedia.org/wiki/Cross-language_information_retrieval
270,https://en.wikipedia.org/wiki/TkWWW_robot
271,https://en.wikipedia.org/wiki/#cite_note-3
272,https://en.wikipedia.org/wiki/#cite_note-27
273,https://www.researchgate.net/publication/264620349
274,https://hr.wikipedia.org/wiki/Web_pauk
275,https://en.wikipedia.org/wiki/#cite_ref-13
276,https://en.wikipedia.org/wiki/Special:BookSources/978-3-540-40676-1
277,https://developer.wikimedia.org
278,https://en.wikipedia.org/wiki/Internet_Archive
279,https://en.wikipedia.org/w/index.php?title=Web_crawler&action=edit&section=16
280,https://en.wikipedia.org/wiki/Category:Articles_with_unsourced_statements_from_June_2021
281,https://th.wikipedia.org/wiki/%E0%B9%80%E0%B8%A7%E0%B9%87%E0%B8%9A%E0%B8%84%E0%B8%A3%E0%B8%AD%E0%B8%A7%E0%B9%8C%E0%B9%80%E0%B8%A5%E0%B8%AD%E0%B8%A3%E0%B9%8C
282,https://en.wikipedia.org/wiki/#cite_ref-cho2003_31-1
283,https://en.wikipedia.org/wiki/Backlink
284,http://www10.org/cdrom/papers/pdf/p208.pdf
285,https://en.wikipedia.org/wiki/Wget
286,https://doi.org/10.1145%2F2389936.2389949
287,https://web.archive.org/web/20170925203155/https://www.canada.ca/en/revenue-agency/services/about-canada-revenue-agency-cra/protecting-your-privacy/privacy-impact-assessment/xenon-web-crawling-initiative-privacy-impact-assessment-summary.html
288,https://en.wikipedia.org/wiki/Category:All_articles_with_unsourced_statements
289,https://en.wikipedia.org/wiki/#cite_ref-48
290,https://pt.wikipedia.org/wiki/Rastreador_web
291,https://en.wikipedia.org/wiki/#cite_ref-24
292,https://en.wikipedia.org/wiki/#cite_ref-14
293,https://en.wikipedia.org/wiki/#bodyContent
294,https://en.wikipedia.org/wiki/MnoGoSearch
295,https://en.wikipedia.org/wiki/S2CID_(identifier)
296,https://en.wikipedia.org/wiki/#cite_ref-43
297,https://en.wikipedia.org/wiki/CiteSeer
298,https://en.wikipedia.org/wiki/OpenSearch_(specification)
299,https://en.wikipedia.org/wiki/#cite_ref-20
300,https://en.wikipedia.org/wiki/WebCrawler
301,https://doi.org/10.1007%2F978-3-540-30216-2_14
302,https://en.wikipedia.org/wiki/Help:CS1_errors#missing_periodical
303,https://en.wikipedia.org/wiki/#cite_ref-spekta_2-0
304,https://cy.wikipedia.org/wiki/Ymgripiwr_gwe
305,https://en.wikipedia.org/wiki/#cite_note-17
306,https://en.wikipedia.org/wiki/#cite_ref-45
307,https://en.wikipedia.org/wiki/Web_content
308,https://en.wikipedia.org/wiki/Google_hacking
309,https://en.wikipedia.org/w/index.php?title=Web_crawler&action=edit&section=1
310,https://en.wikipedia.org/wiki/Document_retrieval
311,https://en.wikipedia.org/wiki/HTTP
312,https://en.wikipedia.org/wiki/Collaborative_search_engine
313,https://en.wikipedia.org/w/index.php?title=Web_crawler&action=edit&section=18
314,https://en.wikipedia.org/wiki/Arac_(video_game)
315,https://foundation.wikimedia.org/wiki/Special:MyLanguage/Policy:Privacy_policy
316,https://hdl.handle.net/20.500.11937%2F48288
317,https://citeseerx.ist.psu.edu/viewdoc/summary?doi=10.1.1.126.6094
318,https://en.wikipedia.org/wiki/#cite_note-22
319,https://en.wikipedia.org/wiki/OWASP
320,https://web.archive.org/web/20040317210216/http://www.fxpal.com/people/vdberg/pubs/www8/www1999f.pdf
321,https://en.wikipedia.org/wiki/#cite_note-spekta-2
322,https://en.wikipedia.org/wiki/#cite_ref-34
323,https://en.wikipedia.org/wiki/#cite_note-46
324,https://en.wikipedia.org/wiki/Search_engines
325,https://en.wikipedia.org/wiki/Cross-language_search
326,https://en.wikipedia.org/wiki/URL_rewriting
327,https://en.wikipedia.org/w/index.php?title=Web_crawler&action=edit&section=23
328,https://en.wikipedia.org/wiki/Special:SpecialPages
329,https://en.wikipedia.org/wiki/#cite_note-8
330,https://en.wikipedia.org/wiki/#Academic_focused_crawler
331,https://bar.wikipedia.org/wiki/Webcrawler
332,https://en.wikipedia.org/wiki/Grub_(search_engine)
333,https://en.wikipedia.org/wiki/Webist
334,https://en.wikipedia.org/wiki/Java_(programming_language)
335,https://en.wikipedia.org/wiki/Websites
336,https://en.wikipedia.org/wiki/Representational_State_Transfer
337,https://api.semanticscholar.org/CorpusID:16718130
338,https://en.wikipedia.org/wiki/#cite_note-47
339,https://en.wikipedia.org/wiki/HTML
340,https://en.wikipedia.org/wiki/Web_archiving
341,https://en.wikipedia.org/wiki/Metasearch_engine
342,https://pubmed.ncbi.nlm.nih.gov/10428673
343,http://semanticweb.com/more-semantics-for-google-ita-software-acquisition-comes-with-needlebase-too_b19329
344,https://en.wikipedia.org/w/index.php?title=Web_crawler&action=edit&section=19
345,https://en.wikipedia.org/wiki/#cite_note-cho2003a-32
346,https://www.slideshare.net/denshe/icwe13-tutorial-webcrawling
347,https://en.wikipedia.org/wiki/Web_page
348,https://web.archive.org/web/20170922004119/http://www.scit.wlv.ac.uk/~in7803/publications/cothey_2004.pdf
349,https://en.wikipedia.org/wiki/Website
350,https://en.wikipedia.org/wiki/Video_search_engine
351,https://en.wikipedia.org/wiki/Apple_(company)
352,https://en.wikipedia.org/wiki/#cite_ref-19
353,https://en.wikipedia.org/wiki/Web_search_engine
354,https://en.wikipedia.org/w/index.php?title=Web_crawler&mobileaction=toggle_view_mobile
355,https://fi.wikipedia.org/wiki/Hakurobotti
356,https://web.archive.org/web/20121221113630/http://informatics.indiana.edu/fil/Papers/AA98.ps
357,https://en.wikipedia.org/wiki/Category:Search_engine_software
358,https://en.wikipedia.org/wiki/Special:EditPage/Template:Internet_search
359,https://en.wikipedia.org/wiki/Zipped_file
360,https://api.semanticscholar.org/CorpusID:18513666
361,http://www.scit.wlv.ac.uk/~in7803/publications/cothey_2004.pdf
362,https://en.wikipedia.org/wiki/Help:Authority_control
363,https://ui.adsabs.harvard.edu/abs/1999Natur.400..107L
364,https://en.wikipedia.org/w/index.php?title=Web_crawler&printable=yes
365,https://ui.adsabs.harvard.edu/abs/2005cs........3069N
366,https://en.wikipedia.org/wiki/Grep
367,https://en.wikipedia.org/wiki/Alexandra_Poulovassilis
368,https://tr.wikipedia.org/wiki/Arama_robotu
369,https://api.semanticscholar.org/CorpusID:10316730
370,http://www.fxpal.com/people/vdberg/pubs/www8/www1999f.pdf
371,https://en.wikipedia.org/wiki/#cite_ref-40
372,https://en.wikipedia.org/wiki/Selection-based_search
373,https://en.wikipedia.org/wiki/Msnbot
374,https://en.wikipedia.org/wiki/Azure_Cognitive_Search
375,https://en.wikipedia.org/wiki/#cite_note-43
376,https://en.wikipedia.org/wiki/Wikipedia:About
377,https://en.wikipedia.org/wiki/#cite_note-cho2003-31
378,https://de.wikipedia.org/wiki/Webcrawler
379,https://en.wikipedia.org/wiki/Intrinsic_and_extrinsic_properties_(philosophy)
380,https://en.wikipedia.org/wiki/National_Center_for_Supercomputing_Applications
381,https://en.wikipedia.org/wiki/#cite_ref-Canada-2017-04-11_50-0
382,https://en.wikipedia.org/w/index.php?title=Web_crawler&action=edit&section=15
383,https://en.wikipedia.org/wiki/#cite_note-GoogleBooks-9237380-5
384,https://en.wikipedia.org/wiki/Category:Articles_with_dead_external_links_from_August_2025
385,https://en.wikipedia.org/wiki/Special:EditPage/Template:Web_crawlers
386,https://en.wikipedia.org/wiki/Ht-//dig
387,https://en.wikipedia.org/wiki/#cite_ref-25
388,https://en.wikipedia.org/wiki/#cite_note-34
389,https://en.wikipedia.org/wiki/Larry_Page
390,https://ar.wikipedia.org/wiki/%D8%B2%D8%A7%D8%AD%D9%81_%D9%88%D9%8A%D8%A8
391,https://en.wikipedia.org/wiki/List_of_search_engines
392,https://en.wikipedia.org/wiki/Local_search_(Internet)
393,https://en.wikipedia.org/wiki/#Semantic_focused_crawler
394,https://sr.wikipedia.org/wiki/Veb-popisiva%C4%8D
395,https://en.wikipedia.org/wiki/Website_mirroring_software
396,https://en.wikipedia.org/wiki/#cite_note-36
397,https://en.wikipedia.org/wiki/#cite_ref-8
398,https://doi.org/10.1145%2F1062745.1062789
399,https://web.archive.org/web/20010904075500/http://archive.ncsa.uiuc.edu/SDG/IT94/Proceedings/Searching/pinkerton/WebCrawler.html
400,https://en.wikipedia.org/wiki/Web_server
401,https://en.wikipedia.org/wiki/#cite_note-12
402,https://en.wikipedia.org/wiki/World_Wide_Web
403,https://www.slideshare.net/denshe/intelligent-crawling-shestakovwiiat13
404,https://en.wikipedia.org/wiki/YaCy
405,https://en.wikipedia.org/wiki/Wikipedia:Citation_needed
406,https://en.wikipedia.org/wiki/Breadth-first_search
407,https://en.wikipedia.org/wiki/#References
408,https://www.wikimedia.org/
409,https://en.wikipedia.org/wiki/Wikipedia:File_upload_wizard
410,https://en.wikipedia.org/wiki/C_(programming_language)
411,https://en.wikipedia.org/wiki/Web_crawling
412,http://vigna.dsi.unimi.it/ftp/papers/UbiCrawler.pdf
413,https://en.wikipedia.org/wiki/Web_query_classification
414,https://citeseerx.ist.psu.edu/viewdoc/summary?doi=10.1.1.1018.1506
415,https://en.wikipedia.org/wiki/Algorithm
416,https://en.wikipedia.org/wiki/#cite_note-33
417,https://citeseerx.ist.psu.edu/viewdoc/summary?doi=10.1.1.2.5538
418,https://en.wikipedia.org/wiki/Distributed_web_crawler
419,https://en.wikipedia.org/wiki/API
420,https://en.wikipedia.org/wiki/Microsoft_Academic_Search
421,https://en.wikipedia.org/wiki/Special:BookSources/978-3-540-23427-2
422,https://nl.wikipedia.org/wiki/Spider
423,https://hu.wikipedia.org/wiki/Keres%C5%91robot
424,https://en.wikipedia.org/w/index.php?title=Web_crawler&action=edit&section=24
425,https://en.wikipedia.org/wiki/Data-driven_programming
426,https://en.wikipedia.org/wiki/Special:BookSources/1-58113-217-4
427,https://web.archive.org/web/20050422045839/http://www.robotstxt.org/wc/guidelines.html
428,https://en.wikipedia.org/wiki/Category:All_articles_with_dead_external_links
429,https://en.wikipedia.org/w/index.php?title=Special:UrlShortener&url=https%3A%2F%2Fen.wikipedia.org%2Fwiki%2FWeb_crawler
430,https://en.wikipedia.org/wiki/Fetcher
431,https://en.wikipedia.org/wiki/Voice_search
432,https://en.wikipedia.org/wiki/80legs
433,http://www2003.org/cdrom/papers/refereed/p007/p7-abiteboul.html
434,https://en.wikipedia.org/wiki/#cite_note-35
435,https://en.wikipedia.org/wiki/Parallel_computing
436,https://en.wikipedia.org/wiki/Twiceler
437,https://en.wikipedia.org/wiki/Scrapy
438,https://en.wikipedia.org/wiki/Category:Short_description_is_different_from_Wikidata
439,https://en.wikipedia.org/wiki/#cite_ref-46
440,http://infolab.stanford.edu/~backrub/google.html
441,https://web.archive.org/web/20071107021800/http://www.robotstxt.org/wc/exclusion.html
442,https://en.wikipedia.org/wiki/Hdl_(identifier)
443,https://en.wikipedia.org/wiki/Steve_Lawrence_(computer_scientist)
444,https://el.wikipedia.org/wiki/%CE%91%CE%BD%CE%B9%CF%87%CE%BD%CE%B5%CF%85%CF%84%CE%AE%CF%82_%CE%B9%CF%83%CF%84%CE%BF%CF%8D
445,http://oak.cs.ucla.edu/~cho/papers/cho-thesis.pdf
446,https://en.wikipedia.org/wiki/Deep_Web_(search_indexing)
447,https://en.wikipedia.org/wiki/#cite_ref-pinkerton1994_23-0
448,https://en.wikipedia.org/wiki/Template_talk:Web_crawlers
449,https://web.archive.org/web/20090320030833/http://vigna.dsi.unimi.it/ftp/papers/UbiCrawler.pdf
450,https://doi.org/10.1002%2Fcpe.2980
451,https://en.wikipedia.org/wiki/Portal:Current_events
452,https://en.wikipedia.org/wiki/Query_string
453,https://en.wikipedia.org/wiki/#cite_ref-36
454,http://www10.org/cdrom/papers/210/index.html
455,https://en.wikipedia.org/wiki/Help:Introduction
456,https://web.archive.org/web/20060219085958/http://www.cindoc.csic.es/cybermetrics/pdf/68.pdf
457,https://en.wikipedia.org/wiki/Storm_(event_processor)
458,http://archive.ncsa.uiuc.edu/SDG/IT94/Proceedings/Agents/spetka/spetka.html
459,https://www.springer.com/gp/book/9783540233381
460,https://en.wikipedia.org/wiki/PageRank
461,https://en.wikipedia.org/wiki/Online_search
462,https://en.wikipedia.org/wiki/#cite_note-coffman-30
463,https://en.wikipedia.org/wiki/#cite_ref-27
464,https://en.wikipedia.org/w/index.php?title=Web_crawler&action=edit&section=2
465,https://en.wikipedia.org/wiki/Googlebot
466,https://en.wikipedia.org/wiki/#Architectures
467,https://et.wikipedia.org/wiki/Veebi%C3%A4mblik
468,https://en.wikipedia.org/wiki/SortSite
469,https://api.semanticscholar.org/CorpusID:147958
470,https://ta.wikipedia.org/wiki/%E0%AE%B5%E0%AE%B2%E0%AF%88_%E0%AE%8A%E0%AE%B0%E0%AF%8D%E0%AE%A4%E0%AE%BF
471,https://en.wikipedia.org/wiki/#cite_note-29
472,https://en.wikipedia.org/w/index.php?title=Special:QrCode&url=https%3A%2F%2Fen.wikipedia.org%2Fwiki%2FWeb_crawler
473,https://en.wikipedia.org/wiki/#cite_ref-4
474,https://ary.wikipedia.org/wiki/%D8%B1%D8%AA%D9%8A%D9%84%D8%A9_(%D8%A8%D9%88%D8%AA)
475,https://en.wikipedia.org/wiki/Spider_web
476,https://en.wikipedia.org/wiki/#In-house_web_crawlers
477,https://en.wikipedia.org/wiki/#cite_note-shkapenyuk2002-42
478,https://en.wikipedia.org/w/index.php?title=Web_crawler&action=edit&section=3
479,https://en.wikipedia.org/wiki/Robots_Exclusion_Standard
480,https://en.wikipedia.org/wiki/Special:WhatLinksHere/Web_crawler
481,https://en.wikipedia.org/wiki/Siri
482,https://pl.wikipedia.org/wiki/Robot_internetowy
483,https://simple.wikipedia.org/wiki/Web_crawler
484,https://en.wikipedia.org/wiki/#cite_ref-35
485,https://en.wikipedia.org/wiki/#cite_ref-21
486,https://en.wikipedia.org/wiki/#cite_ref-1
487,https://en.wikipedia.org/wiki/Template:Web_crawlers
488,https://doi.org/10.1145%2F358923.358934
489,https://en.wikipedia.org/wiki/#cite_note-45
490,https://en.wikipedia.org/wiki/Category:Articles_with_unsourced_statements_from_February_2023
491,http://clgiles.ist.psu.edu/papers/VLDB-2000-focused-crawling.pdf
492,https://api.semanticscholar.org/CorpusID:6416041
493,https://en.wikipedia.org/wiki/Web_application_security
494,https://web.archive.org/web/20051001063011/http://cis.poly.edu/tr/tr-cis-2001-03.pdf
495,https://fa.wikipedia.org/wiki/%D8%AE%D8%B2%D9%86%D8%AF%D9%87_%D9%88%D8%A8
496,https://en.wikipedia.org/wiki/BSD_License
497,https://en.wikipedia.org/wiki/Spamdexing
498,https://citeseerx.ist.psu.edu/viewdoc/summary?doi=10.1.1.36.6087
499,https://en.wikipedia.org/w/index.php?title=Web_crawler&action=edit&section=17
500,https://d-nb.info/gnd/4796298-7
501,https://en.wikipedia.org/wiki/#cite_note-baeza2002-37
502,https://en.wikipedia.org/wiki/Thumbnail
503,https://en.wikipedia.org/wiki/Command_line_interface
504,https://en.wikipedia.org/wiki/#cite_ref-29
505,https://en.wikipedia.org/wiki/Web_scraping
506,https://en.wikipedia.org/w/index.php?title=Web_crawler&action=history
507,https://en.wikipedia.org/wiki/#cite_ref-brin1998_41-0
508,http://www.robotstxt.org/wc/exclusion.html
509,https://stats.wikimedia.org/#/en.wikipedia.org
510,https://en.wikipedia.org/wiki/Text_mining
511,https://web.archive.org/web/20130306070359/http://support.google.com/webmasters/bin/answer.py?hl=en&answer=174992
512,https://en.wikipedia.org/w/index.php?title=Special:UserLogin&returnto=Web+crawler
513,https://en.wikipedia.org/wiki/
514,https://en.wikipedia.org/wiki/Enterprise_search
515,https://en.wikipedia.org/wiki/Marc_Najork
516,https://en.wikipedia.org/w/index.php?title=Web_crawler&action=edit&section=4
517,https://doi.org/10.1038%2F21987
518,https://en.wikipedia.org/wiki/Desktop_search
519,https://doi.org/10.1145%2F371920.371960
520,https://en.wikipedia.org/wiki/#Parallelization_policy
521,https://en.wikipedia.org/wiki/#cite_note-38
522,https://en.wikipedia.org/wiki/Data_breach
523,https://en.wikipedia.org/wiki/#Crawler_identification
524,https://en.wikipedia.org/wiki/AJAX
525,https://en.wikipedia.org/wiki/Elasticsearch
526,https://en.wikipedia.org/wiki/FAST_Crawler
527,https://en.wikipedia.org/wiki/Google_Scholar
528,https://en.wikipedia.org/wiki/Search_engine_indexing
529,https://web.archive.org/web/20161222185208/https://www.wired.com/2007/01/tax-takers-send-in-the-spiders/
530,https://en.wikipedia.org/wiki/Doi_(identifier)
531,https://en.wikipedia.org/wiki/Special:BookSources/1-58113-680-3
532,https://en.wikipedia.org/wiki/Machine_learning
533,https://en.wikipedia.org/wiki/#cite_note-24
534,https://en.wikipedia.org/wiki/Special:BookSources/9781450312288
535,https://www.wikidata.org/wiki/Q45842#identifiers
536,https://en.wikipedia.org/wiki/Category:Internet_search_algorithms
537,https://en.wikipedia.org/wiki/Special:Search
538,https://cs.wikipedia.org/wiki/Web_crawler
539,https://api.semanticscholar.org/CorpusID:7587743
540,https://en.wikipedia.org/w/index.php?title=Search_oriented_architecture&action=edit&redlink=1
541,https://en.wikipedia.org/w/index.php?title=Web_crawler&action=edit&section=7
542,https://en.wikipedia.org/wiki/#cite_ref-9
543,https://en.wikipedia.org/wiki/#Crawling_policy
544,https://en.wikipedia.org/wiki/Wikipedia:Text_of_the_Creative_Commons_Attribution-ShareAlike_4.0_International_License
545,https://en.wikipedia.org/w/index.php?title=Web_crawler&action=info
546,https://en.wikipedia.org/wiki/Seeks
547,https://foundation.wikimedia.org/wiki/Special:MyLanguage/Policy:Terms_of_Use
548,https://en.wikipedia.org/wiki/Metadata
549,https://en.wikipedia.org/wiki/Index_(search_engine)
550,https://en.wikipedia.org/w/index.php?title=Web_crawler&action=edit&section=22
551,https://api.semanticscholar.org/CorpusID:205690364
552,https://en.wikipedia.org/w/index.php?title=Web_crawler&action=edit&section=8
553,https://en.wikipedia.org/wiki/Microsoft_Windows
554,https://en.wikipedia.org/wiki/Template:Cite_journal
555,https://en.wikipedia.org/wiki/#Further_reading
556,https://en.wikipedia.org/wiki/Domain_ontology
557,https://en.wikipedia.org/wiki/Amazon_CloudSearch
558,https://en.wikipedia.org/w/index.php?title=Web_crawler&action=edit&section=5
559,https://en.wikipedia.org/wiki/Swiftype
560,https://en.wikipedia.org/wiki/#See_also
561,https://en.wikipedia.org/wiki/Help:Category
562,https://en.wikipedia.org/wiki/#cite_note-40
563,https://web.archive.org/web/20090320030832/http://dollar.biz.uiowa.edu/~pant/Papers/crawling.pdf
564,http://wiki.foaf-project.org/w/Scutter
565,https://en.wikipedia.org/wiki/#cite_ref-shkapenyuk2002_42-0
566,https://en.wikipedia.org/wiki/Lee_Giles
567,https://en.wikipedia.org/wiki/Software_agent
568,https://en.wikipedia.org/wiki/Special:BookSources/978-3-642-02456-6
569,https://en.wikipedia.org/wiki/RBSE
570,https://en.wikipedia.org/w/index.php?title=Web_crawler&oldid=1330846767
571,https://ms.wikipedia.org/wiki/Perangkak_web
572,https://en.wikipedia.org/wiki/Regular_expression
573,https://en.wikipedia.org/wiki/Unix
574,https://en.wikipedia.org/wiki/GNU_Affero_General_Public_License
575,https://en.wikipedia.org/wiki/Heritrix
576,https://en.wikipedia.org/wiki/#cite_ref-33
577,https://en.wikipedia.org/wiki/Focused_crawler
578,https://en.wikipedia.org/wiki/Search_Engine_Scraping
579,https://en.wikipedia.org/wiki/Special:RecentChanges
580,https://en.wikipedia.org/wiki/Apache_Hadoop
581,http://pages.stern.nyu.edu/~panos/publications/icde2005.pdf
582,http://www.chato.cl/papers/baeza02balancing.pdf
583,https://he.wikipedia.org/wiki/%D7%96%D7%97%D7%9C%D7%9F_%D7%A8%D7%A9%D7%AA
584,https://en.wikipedia.org/wiki/#cite_ref-12
585,https://en.wikipedia.org/wiki/Social_search
586,https://en.wikipedia.org/wiki/Multisearch
587,https://doi.org/10.1016%2Fs1389-1286%2899%2900052-3
588,https://en.wikipedia.org/wiki/#cite_ref-10
589,https://en.wikipedia.org/wiki/#Path-ascending_crawling
590,https://en.wikipedia.org/wiki/MIME_types
591,https://en.wikipedia.org/wiki/Sitemaps
592,https://en.wikipedia.org/wiki/Sergey_Brin
593,https://en.wikipedia.org/wiki/Search/Retrieve_via_URL
594,https://en.wikipedia.org/wiki/Search_engine_optimization
595,https://web.archive.org/web/20211206205907/https://webbrowsersintroduction.com/
596,https://en.wikipedia.org/wiki/Bing_(search_engine)
597,https://doi.org/10.1002%2Fasi.20388
598,https://en.wikipedia.org/wiki/Search_aggregator
599,https://en.wikipedia.org/wiki/Main_Page
600,https://en.wikipedia.org/wiki/#cite_ref-Norton-2007-01-25_49-0
601,https://io.wikipedia.org/wiki/Webala_roboto
602,https://en.wikipedia.org/wiki/Evaluation_measures_(information_retrieval)
603,https://en.wikipedia.org/w/index.php?title=Special:CiteThisPage&page=Web_crawler&id=1330846767&wpFormIdentifier=titleform
604,https://en.wikipedia.org/wiki/Hyperlink
605,https://en.wikipedia.org/wiki/Macintosh_operating_systems
606,https://en.wikipedia.org/wiki/Web_crawler?action=edit
607,https://en.wikipedia.org/wiki/Filippo_Menczer
608,https://web.archive.org/web/20140706120641/https://oa.doria.fi/handle/10024/38506
609,https://en.wikipedia.org/w/index.php?title=Web_crawler&action=edit
610,https://en.wikipedia.org/wiki/John_Wiley_%26_Sons
611,https://en.wikipedia.org/wiki/Search_engine_(computing)
612,https://en.wikipedia.org/wiki/Category:Web_crawlers
613,https://en.wikipedia.org/wiki/Baidu
614,https://en.wikipedia.org/wiki/#cite_note-4
615,https://en.wikipedia.org/wiki/Support-vector_machine
616,https://en.wikipedia.org/wiki/File:WebCrawlerArchitecture.svg
617,https://en.wikipedia.org/wiki/Crawl_frontier
618,https://en.wikipedia.org/wiki/#cite_note-14
619,https://en.wikipedia.org/wiki/#Re-visit_policy
